{
    "Accuracy": 0.7928909952606635,
    "Precision": 0.5996784565916399,
    "Recall": 0.6648841354723708,
    "Specificity": 0.8392511297611362,
    "F1 Score": 0.6306001690617076,
    "FPR": 0.16074887023886378,
    "FDR": 0.4003215434083601,
    "FNR": 0.33511586452762926,
    "MCC": 0.4884921170822615
}