{
    "Accuracy": 0.7924170616113744,
    "Precision": 0.600326264274062,
    "Recall": 0.6559714795008913,
    "Specificity": 0.841833440929632,
    "F1 Score": 0.6269165247018741,
    "FPR": 0.15816655907036797,
    "FDR": 0.399673735725938,
    "FNR": 0.34402852049910876,
    "MCC": 0.48442348202857055
}